,Car Name,Brand,Year of Manufacture,Distance Driven,Fuel Type,Transmission Type,EMI,Price
0,Maruti Celerio,Maruti,2017,"86,668 km",Petrol,Manual,"EMI ₹5,865/m*",₹3.00 lakh
1,Tata Tiago,Tata,2017,"65,432 km",Petrol,Manual,"EMI ₹6,572/m*",₹3.36 lakh
2,Honda Amaze,Honda,2022,"26,343 km",Petrol,Manual,"EMI ₹9,532/m*",₹5.40 lakh
3,Skoda Rapid,Skoda,2018,"92,251 km",Diesel,Manual,"EMI ₹9,971/m*",₹5.10 lakh
4,Nissan Kicks,Nissan,2019,"98,840 km",Diesel,Manual,"EMI ₹8,474/m*",₹4.80 lakh
5,Maruti Baleno,Maruti,2021,"95,659 km",Petrol,Auto,"EMI ₹9,709/m*",₹5.50 lakh
6,Tata NEXON,Tata,2019,"1,11,783 km",Petrol,Manual,"EMI ₹9,244/m*",₹4.16 lakh
7,Honda City,Honda,2019,"46,741 km",Diesel,Manual,"EMI ₹9,841/m*",₹5.57 lakh
8,Hyundai NEW SANTRO,Hyundai,2021,"28,560 km",Petrol,Manual,"EMI ₹6,885/m*",₹3.90 lakh
9,Maruti S PRESSO,Maruti,2021,"76,607 km",Petrol,Manual,"EMI ₹5,523/m*",₹3.13 lakh
10,Skoda SLAVIA,Skoda,2022,"52,763 km",Petrol,Auto,"EMI ₹15,753/m*",₹9.20 lakh
11,Hyundai VENUE,Hyundai,2020,"1,03,236 km",Petrol,Manual,"EMI ₹10,900/m*",₹4.90 lakh
12,Maruti Alto 800,Maruti,2016,"55,877 km",Petrol,Manual,"EMI ₹4,427/m*",₹1.99 lakh
13,Maruti Swift,Maruti,2023,"44,029 km",Petrol,Manual,"EMI ₹11,474/m*",₹6.50 lakh
14,Honda City,Honda,2020,"91,515 km",Petrol,Auto,"EMI ₹14,122/m*",₹8.00 lakh
15,Mahindra KUV 100 NXT,Mahindra,2018,"63,047 km",Petrol,Manual,"EMI ₹5,208/m*",₹2.95 lakh
16,Maruti Dzire,Maruti,2020,"1,27,250 km",CNG,Manual,"EMI ₹10,789/m*",₹4.85 lakh
17,Skoda SLAVIA,Skoda,2022,"51,064 km",Petrol,Manual,"EMI ₹14,642/m*",₹8.55 lakh
18,Volkswagen Ameo,Volkswagen,2016,"79,717 km",Petrol,Manual,"EMI ₹6,518/m*",₹2.93 lakh
19,KIA SELTOS,KIA,2021,"29,800 km",Petrol,Manual,"EMI ₹13,501/m*",₹7.65 lakh
20,Nissan MAGNITE,Nissan,2024,"15,036 km",Petrol,Auto,"EMI ₹8,826/m*",₹5.00 lakh
21,Hyundai AURA,Hyundai,2022,"45,032 km",Petrol,Manual,"EMI ₹9,794/m*",₹5.55 lakh
22,Nissan MAGNITE,Nissan,2023,"27,930 km",Petrol,Manual,"EMI ₹8,470/m*",₹4.80 lakh
23,Hyundai GRAND I10 NIOS,Hyundai,2022,"58,830 km",Petrol,Manual,"EMI ₹6,428/m*",₹3.64 lakh
24,Volkswagen Ameo,Volkswagen,2019,"49,461 km",Diesel,Manual,"EMI ₹8,120/m*",₹4.60 lakh
25,Mahindra Thar,Mahindra,2021,"60,890 km",Diesel,Auto,"EMI ₹17,037/m*",₹9.95 lakh
26,Honda City,Honda,2014,"34,314 km",Petrol,Manual,"EMI ₹10,296/m*",₹3.10 lakh
27,Volkswagen Polo,Volkswagen,2020,"70,362 km",Petrol,Manual,"EMI ₹6,720/m*",₹3.81 lakh
28,Maruti Baleno,Maruti,2016,"53,335 km",Petrol,Auto,"EMI ₹7,613/m*",₹3.42 lakh
29,Tata TIGOR,Tata,2021,"23,482 km",Petrol,Manual,"EMI ₹6,796/m*",₹3.85 lakh
30,KIA CARENS,KIA,2024,"20,724 km",Petrol,Manual,"EMI ₹16,181/m*",₹9.45 lakh
31,Maruti Swift,Maruti,2015,"73,731 km",Petrol,Manual,"EMI ₹9,077/m*",₹3.45 lakh
32,Tata Harrier,Tata,2022,"60,641 km",Diesel,Auto,"EMI ₹23,150/m*",₹13.52 lakh
33,Maruti Baleno,Maruti,2017,"96,493 km",Petrol,Auto,"EMI ₹7,722/m*",₹3.95 lakh
34,Maruti Alto K10,Maruti,2025,"7,736 km",Petrol,Manual,"EMI ₹7,591/m*",₹4.30 lakh
35,Hyundai NEW I20,Hyundai,2023,"39,600 km",Petrol,Manual,"EMI ₹10,415/m*",₹5.90 lakh
36,Honda City,Honda,2019,"34,159 km",Petrol,Manual,"EMI ₹9,797/m*",₹5.55 lakh
37,Renault TRIBER,Renault,2022,"72,311 km",Petrol,Manual,"EMI ₹7,497/m*",₹4.25 lakh
38,Hyundai Verna,Hyundai,2018,"68,211 km",Diesel,Manual,"EMI ₹15,128/m*",₹7.74 lakh
39,Maruti Celerio,Maruti,2021,"68,756 km",Petrol,Auto,"EMI ₹7,149/m*",₹4.05 lakh
40,Hyundai Creta,Hyundai,2016,"99,170 km",Petrol,Auto,"EMI ₹11,790/m*",₹5.30 lakh
41,Volkswagen Vento,Volkswagen,2017,"99,230 km",Diesel,Auto,"EMI ₹10,496/m*",₹4.72 lakh
42,Maruti Alto K10,Maruti,2018,"61,893 km",Petrol,Manual,"EMI ₹4,712/m*",₹2.67 lakh
43,Hyundai Elite i20,Hyundai,2019,"83,244 km",Petrol,Manual,"EMI ₹7,235/m*",₹4.10 lakh
44,Maruti Vitara Brezza,Maruti,2020,"71,046 km",Petrol,Manual,"EMI ₹10,768/m*",₹6.10 lakh
45,Ford Ecosport,Ford,2018,"1,42,097 km",Diesel,Manual,"EMI ₹11,456/m*",₹5.15 lakh
46,Honda Amaze,Honda,2014,"82,448 km",Petrol,Manual,"EMI ₹7,971/m*",₹2.40 lakh
47,Maruti IGNIS,Maruti,2018,"55,687 km",Petrol,Manual,"EMI ₹6,620/m*",₹3.75 lakh
48,Hyundai VENUE,Hyundai,2019,"78,033 km",Petrol,Auto,"EMI ₹10,771/m*",₹6.10 lakh
49,Hyundai Elite i20,Hyundai,2019,"85,850 km",Petrol,Manual,"EMI ₹7,224/m*",₹4.09 lakh
50,Hyundai Eon,Hyundai,2015,"68,938 km",Petrol,Manual,"EMI ₹5,398/m*",₹2.05 lakh
51,Volkswagen Vento,Volkswagen,2018,"1,31,512 km",Diesel,Auto,"EMI ₹11,016/m*",₹4.95 lakh
52,Maruti Swift,Maruti,2023,"19,862 km",Petrol,Auto,"EMI ₹10,768/m*",₹6.10 lakh
53,Hyundai Verna,Hyundai,2023,"24,896 km",Petrol,Manual,"EMI ₹17,205/m*",₹10.05 lakh
54,Honda Amaze,Honda,2014,"63,777 km",CNG,Manual,"EMI ₹23,101/m*",₹2.60 lakh
55,KIA SONET,KIA,2023,"19,847 km",Petrol,Manual,"EMI ₹14,040/m*",₹8.20 lakh
56,Honda Amaze,Honda,2021,"53,671 km",Petrol,Manual,"EMI ₹8,562/m*",₹4.85 lakh
57,Maruti Vitara Brezza,Maruti,2022,"56,114 km",Petrol,Manual,"EMI ₹10,945/m*",₹6.20 lakh
58,KIA SONET,KIA,2020,"59,261 km",Petrol,Auto,"EMI ₹11,127/m*",₹6.30 lakh
59,Tata NEXON,Tata,2018,"96,091 km",Petrol,Manual,"EMI ₹7,058/m*",₹4.00 lakh
60,Toyota Glanza,Toyota,2019,"53,194 km",Petrol,Manual,"EMI ₹8,385/m*",₹4.75 lakh
61,Hyundai NEW I20,Hyundai,2020,"66,458 km",Petrol,Manual,"EMI ₹9,091/m*",₹5.15 lakh
62,MG HECTOR,MG,2019,"56,612 km",Diesel,Manual,"EMI ₹17,122/m*",₹10.00 lakh
63,Maruti Celerio,Maruti,2021,"52,331 km",Petrol,Manual,"EMI ₹6,620/m*",₹3.75 lakh
64,Honda Amaze,Honda,2018,"66,454 km",Diesel,Auto,"EMI ₹10,362/m*",₹5.30 lakh
65,Skoda SLAVIA,Skoda,2022,"75,166 km",Petrol,Manual,"EMI ₹12,803/m*",₹7.25 lakh
66,Maruti Alto 800,Maruti,2017,"81,982 km",Petrol,Manual,"EMI ₹4,497/m*",₹2.30 lakh
67,Hyundai Elite i20,Hyundai,2020,"38,720 km",Petrol,Manual,"EMI ₹8,650/m*",₹4.90 lakh
68,Tata ALTROZ,Tata,2023,"37,220 km",Petrol,Manual,"EMI ₹11,807/m*",₹6.69 lakh
69,Hyundai Grand i10,Hyundai,2020,"13,254 km",Petrol,Manual,"EMI ₹7,238/m*",₹4.10 lakh
70,Maruti Vitara Brezza,Maruti,2020,"42,566 km",Diesel,Manual,"EMI ₹12,269/m*",₹6.95 lakh
71,Tata TIAGO NRG,Tata,2022,"32,601 km",CNG,Auto,"EMI ₹10,150/m*",₹5.75 lakh
72,Honda Amaze,Honda,2016,"23,030 km",Petrol,Manual,"EMI ₹7,229/m*",₹3.25 lakh
73,Tata Tiago,Tata,2018,"51,520 km",Petrol,Manual,"EMI ₹6,109/m*",₹3.46 lakh
74,Honda Amaze,Honda,2022,"34,195 km",Petrol,Manual,"EMI ₹10,945/m*",₹6.20 lakh
75,Tata TIGOR,Tata,2018,"79,067 km",Petrol,Manual,"EMI ₹5,583/m*",₹3.16 lakh
76,Tata Hexa,Tata,2017,"57,257 km",Diesel,Auto,"EMI ₹14,090/m*",₹6.33 lakh
77,Mahindra BOLERO NEO,Mahindra,2022,"42,523 km",Diesel,Manual,"EMI ₹14,760/m*",₹8.62 lakh
78,Hyundai Xcent,Hyundai,2017,"1,01,762 km",Petrol,Manual,"EMI ₹7,341/m*",₹3.30 lakh
79,KIA SYROS,KIA,2025,"2,598 km",Petrol,Manual,"EMI ₹17,037/m*",₹9.95 lakh
80,Maruti Celerio,Maruti,2017,"91,381 km",Petrol,Auto,"EMI ₹6,162/m*",₹3.15 lakh
81,Hyundai Elite i20,Hyundai,2017,"93,604 km",Petrol,Manual,"EMI ₹8,010/m*",₹4.10 lakh
82,Maruti Wagon R 1.0,Maruti,2018,"48,105 km",Petrol,Auto,"EMI ₹5,649/m*",₹3.20 lakh
83,Honda City,Honda,2019,"42,966 km",Petrol,Manual,"EMI ₹10,852/m*",₹6.15 lakh
84,Hyundai Elite i20,Hyundai,2017,"91,027 km",Petrol,Manual,"EMI ₹8,016/m*",₹4.10 lakh
85,Mahindra MARAZZO,Mahindra,2019,"69,853 km",Diesel,Manual,"EMI ₹10,768/m*",₹6.10 lakh
86,Honda City,Honda,2019,"54,188 km",Petrol,Auto,"EMI ₹9,744/m*",₹5.52 lakh
87,Maruti S Cross,Maruti,2020,"11,656 km",Petrol,Manual,"EMI ₹11,853/m*",₹6.71 lakh
88,Hyundai Elite i20,Hyundai,2017,"87,263 km",Petrol,Manual,"EMI ₹8,521/m*",₹4.36 lakh
89,Ford FREESTYLE,Ford,2018,"1,28,009 km",Petrol,Manual,"EMI ₹6,890/m*",₹3.10 lakh
90,Honda WR-V,Honda,2017,"1,46,319 km",Petrol,Manual,"EMI ₹8,125/m*",₹3.65 lakh
91,Hyundai Elite i20,Hyundai,2017,"61,636 km",Petrol,Manual,"EMI ₹8,700/m*",₹4.45 lakh
92,Honda City,Honda,2018,"41,960 km",Petrol,Auto,"EMI ₹10,244/m*",₹5.80 lakh
93,Honda City,Honda,2017,"68,322 km",Petrol,Auto,"EMI ₹10,459/m*",₹5.35 lakh
94,Maruti Alto 800,Maruti,2018,"95,111 km",Petrol,Manual,"EMI ₹4,325/m*",₹2.45 lakh
95,Renault Kiger,Renault,2022,"74,623 km",Petrol,Manual,"EMI ₹8,563/m*",₹4.85 lakh
96,Volkswagen Polo,Volkswagen,2019,"1,03,074 km",Petrol,Auto,"EMI ₹11,514/m*",₹5.18 lakh
97,Hyundai GRAND I10 NIOS,Hyundai,2020,"85,637 km",CNG,Auto,"EMI ₹9,268/m*",₹5.25 lakh
98,Maruti Ciaz,Maruti,2022,"69,755 km",Petrol,Manual,"EMI ₹11,298/m*",₹6.40 lakh
99,Maruti IGNIS,Maruti,2019,"84,136 km",Petrol,Auto,"EMI ₹7,238/m*",₹4.10 lakh
100,Hyundai Grand i10,Hyundai,2016,"76,742 km",Petrol,Manual,"EMI ₹8,342/m*",₹3.75 lakh
101,Honda City,Honda,2017,"46,585 km",Petrol,Manual,"EMI ₹10,557/m*",₹5.40 lakh
102,Tata NEXON,Tata,2019,"51,195 km",CNG,Manual,"EMI ₹11,353/m*",₹5.81 lakh
103,Maruti IGNIS,Maruti,2021,"48,171 km",Petrol,Manual,"EMI ₹7,474/m*",₹4.23 lakh
104,Maruti Baleno,Maruti,2018,"31,883 km",Petrol,Manual,"EMI ₹7,375/m*",₹4.18 lakh
105,Maruti Wagon R 1.0,Maruti,2018,"97,429 km",Petrol,Manual,"EMI ₹5,530/m*",₹3.13 lakh
106,Nissan Terrano,Nissan,2015,"1,04,631 km",Diesel,Manual,"EMI ₹4,883/m*",₹1.47 lakh
107,Hyundai Verna,Hyundai,2016,"85,345 km",Diesel,Manual,"EMI ₹6,583/m*",₹2.50 lakh
108,Maruti Alto K10,Maruti,2015,"72,959 km",Petrol,Manual,"EMI ₹6,373/m*",₹2.42 lakh
109,Tata PUNCH,Tata,2023,"24,086 km",Petrol,Auto,"EMI ₹11,157/m*",₹6.32 lakh
110,Hyundai Elite i20,Hyundai,2014,"1,09,292 km",Diesel,Manual,"EMI ₹15,158/m*",₹3.22 lakh
111,Mahindra XUV500,Mahindra,2014,"1,48,387 km",Diesel,Manual,"EMI ₹17,323/m*",₹3.68 lakh
112,Honda ELEVATE,Honda,2024,"9,314 km",Petrol,Auto,"EMI ₹18,612/m*",₹10.87 lakh
113,Honda Amaze,Honda,2014,"1,11,029 km",Diesel,Manual,"EMI ₹9,321/m*",₹1.98 lakh
114,Maruti Baleno,Maruti,2021,"49,114 km",Petrol,Manual,"EMI ₹8,950/m*",₹5.07 lakh
115,Tata ALTROZ,Tata,2021,"62,902 km",Petrol,Manual,"EMI ₹8,562/m*",₹4.85 lakh
116,Hyundai Grand i10,Hyundai,2015,"1,33,232 km",Diesel,Manual,"EMI ₹8,038/m*",₹2.42 lakh
117,Mahindra XUV500,Mahindra,2016,"2,30,092 km",Diesel,Auto,"EMI ₹12,351/m*",₹4.69 lakh
118,Tata Tiago,Tata,2019,"84,744 km",Petrol,Manual,"EMI ₹6,902/m*",₹3.91 lakh
119,Honda City,Honda,2015,"79,379 km",Petrol,Manual,"EMI ₹11,060/m*",₹4.20 lakh
120,Ford Figo,Ford,2012,"1,82,741 km",Diesel,Manual,"EMI ₹11,060/m*",₹0.82 lakh
121,Hyundai Elite i20,Hyundai,2016,"62,790 km",Petrol,Manual,"EMI ₹9,432/m*",₹4.24 lakh
122,Ford Ecosport,Ford,2018,"1,67,970 km",Diesel,Manual,"EMI ₹10,900/m*",₹4.90 lakh
123,Maruti Swift Dzire,Maruti,2015,"99,593 km",Petrol,Manual,"EMI ₹6,794/m*",₹2.58 lakh
124,Hyundai Creta,Hyundai,2021,"35,088 km",Petrol,Manual,"EMI ₹19,674/m*",₹11.49 lakh
125,Nissan Micra,Nissan,2011,"1,46,458 km",Diesel,Manual,"EMI ₹19,674/m*",₹0.74 lakh
126,Hyundai i10,Hyundai,2011,"1,31,197 km",Petrol,Manual,"EMI ₹19,674/m*",₹0.65 lakh
127,Hyundai Creta,Hyundai,2020,"82,178 km",Petrol,Manual,"EMI ₹13,240/m*",₹7.50 lakh
128,Hyundai AURA,Hyundai,2020,"56,486 km",Petrol,Manual,"EMI ₹7,732/m*",₹4.38 lakh
129,Mahindra XUV500,Mahindra,2014,"86,813 km",Diesel,Manual,"EMI ₹14,452/m*",₹3.07 lakh
130,Mahindra TUV300,Mahindra,2019,"55,040 km",Diesel,Manual,"EMI ₹8,526/m*",₹4.83 lakh
131,Renault Kwid,Renault,2016,"87,245 km",Petrol,Manual,"EMI ₹2,767/m*",₹1.24 lakh
132,Hyundai Verna,Hyundai,2014,"1,01,389 km",Diesel,Manual,"EMI ₹10,921/m*",₹2.32 lakh
133,Mahindra XUV300,Mahindra,2020,"1,13,580 km",Diesel,Manual,"EMI ₹17,017/m*",₹7.65 lakh
134,Maruti Swift,Maruti,2020,"84,246 km",Petrol,Manual,"EMI ₹7,573/m*",₹4.29 lakh
135,Maruti Dzire,Maruti,2017,"1,57,688 km",Diesel,Manual,"EMI ₹8,942/m*",₹4.02 lakh
136,Mahindra XUV300,Mahindra,2022,"23,928 km",Petrol,Manual,"EMI ₹15,205/m*",₹8.88 lakh
137,Hyundai Verna,Hyundai,2020,"74,644 km",Petrol,Manual,"EMI ₹10,486/m*",₹5.94 lakh
138,Renault Duster,Renault,2015,"1,74,080 km",Diesel,Manual,"EMI ₹7,274/m*",₹2.19 lakh
139,Mahindra TUV300,Mahindra,2016,"2,10,417 km",Diesel,Manual,"EMI ₹6,531/m*",₹2.48 lakh
140,Hyundai Eon,Hyundai,2014,"1,27,845 km",Petrol,Manual,"EMI ₹5,314/m*",₹1.60 lakh
141,Hyundai Eon,Hyundai,2016,"12,559 km",Petrol,Manual,"EMI ₹4,382/m*",₹1.97 lakh
142,KIA SELTOS,KIA,2020,"93,492 km",Diesel,Manual,"EMI ₹13,416/m*",₹7.60 lakh
143,Honda Brio,Honda,2012,"67,966 km",Petrol,Manual,"EMI ₹13,949/m*",₹1.57 lakh
144,Toyota Innova,Toyota,2014,"1,78,740 km",Diesel,Manual,"EMI ₹24,714/m*",₹5.25 lakh
145,Hyundai Eon,Hyundai,2013,"1,37,957 km",Petrol,Manual,"EMI ₹5,413/m*",₹1.15 lakh
146,Hyundai Grand i10,Hyundai,2016,"80,330 km",Petrol,Manual,"EMI ₹5,517/m*",₹2.48 lakh
147,Ford New Figo,Ford,2016,"1,45,611 km",Diesel,Manual,"EMI ₹6,109/m*",₹2.32 lakh
148,Renault Kwid,Renault,2018,"71,592 km",Petrol,Manual,"EMI ₹3,689/m*",₹2.09 lakh
149,Hyundai i20,Hyundai,2011,"1,20,559 km",Petrol,Manual,"EMI ₹3,689/m*",₹0.97 lakh
150,KIA SELTOS,KIA,2020,"35,004 km",Petrol,Manual,"EMI ₹11,969/m*",₹6.78 lakh
151,Hyundai Eon,Hyundai,2014,"89,088 km",Petrol,Manual,"EMI ₹3,753/m*",₹1.13 lakh
152,Mahindra Thar,Mahindra,2023,"25,058 km",Diesel,Manual,"EMI ₹16,061/m*",₹9.38 lakh
153,Renault TRIBER,Renault,2020,"41,640 km",Petrol,Manual,"EMI ₹6,055/m*",₹3.43 lakh
154,Hyundai i10,Hyundai,2012,"63,905 km",Petrol,Manual,"EMI ₹12,439/m*",₹1.40 lakh
155,Tata TIGOR,Tata,2022,"43,671 km",Petrol,Manual,"EMI ₹9,444/m*",₹5.35 lakh
156,Maruti Baleno,Maruti,2022,"52,618 km",Petrol,Manual,"EMI ₹8,491/m*",₹4.81 lakh
157,Honda Amaze,Honda,2014,"94,973 km",Diesel,Manual,"EMI ₹8,285/m*",₹1.76 lakh
158,Hyundai Eon,Hyundai,2013,"41,592 km",Petrol,Manual,"EMI ₹7,673/m*",₹1.63 lakh
159,Maruti Baleno,Maruti,2020,"46,917 km",Petrol,Manual,"EMI ₹7,008/m*",₹3.97 lakh
160,Datsun Go,Datsun,2016,"83,901 km",Petrol,Manual,"EMI ₹3,337/m*",₹1.50 lakh
161,Maruti Swift,Maruti,2024,"45,251 km",Petrol,Manual,"EMI ₹11,209/m*",₹6.35 lakh
162,Hyundai Eon,Hyundai,2013,"1,41,416 km",Petrol,Manual,"EMI ₹5,978/m*",₹1.27 lakh
163,Tata NEXON,Tata,2018,"75,592 km",Petrol,Manual,"EMI ₹7,008/m*",₹3.97 lakh
164,Maruti Alto K10,Maruti,2012,"73,944 km",Petrol,Manual,"EMI ₹11,550/m*",₹1.30 lakh
165,Hyundai Eon,Hyundai,2014,"1,40,753 km",Petrol,Manual,"EMI ₹3,853/m*",₹1.16 lakh
166,Skoda Rapid,Skoda,2019,"58,000 km",Diesel,Auto,"EMI ₹10,856/m*",₹6.15 lakh
167,Hyundai Elite i20,Hyundai,2015,"1,74,134 km",Diesel,Manual,"EMI ₹12,123/m*",₹3.65 lakh
168,Hyundai Eon,Hyundai,2015,"1,21,267 km",Petrol,Manual,"EMI ₹4,529/m*",₹1.72 lakh
169,Hyundai Eon,Hyundai,2017,"73,934 km",Petrol,Manual,"EMI ₹3,675/m*",₹1.88 lakh
170,Honda City,Honda,2018,"50,353 km",Petrol,Manual,"EMI ₹7,961/m*",₹4.51 lakh
171,Toyota Fortuner,Toyota,2012,"1,83,911 km",Diesel,Auto,"EMI ₹7,961/m*",₹7.46 lakh
172,Chevrolet Beat,Chevrolet,2012,"69,538 km",Diesel,Manual,"EMI ₹7,961/m*",₹0.68 lakh
173,Maruti Wagon R 1.0,Maruti,2014,"77,119 km",Petrol,Manual,"EMI ₹5,746/m*",₹1.73 lakh
174,Hyundai i10,Hyundai,2015,"68,414 km",Petrol,Manual,"EMI ₹5,635/m*",₹2.14 lakh
175,Maruti Swift,Maruti,2013,"95,753 km",Petrol,Manual,"EMI ₹13,840/m*",₹2.94 lakh
176,Hyundai Verna,Hyundai,2013,"91,009 km",Diesel,Manual,"EMI ₹21,146/m*",₹2.38 lakh
177,Hyundai Elite i20,Hyundai,2014,"74,876 km",Diesel,Manual,"EMI ₹16,334/m*",₹3.47 lakh
178,Maruti Alto 800,Maruti,2017,"46,096 km",Petrol,Manual,"EMI ₹5,298/m*",₹2.71 lakh
179,Maruti Wagon R 1.0,Maruti,2011,"1,18,833 km",Petrol,Manual,"EMI ₹5,298/m*",₹0.97 lakh
180,Mahindra XUV500,Mahindra,2012,"2,27,600 km",Diesel,Manual,"EMI ₹5,298/m*",₹2.02 lakh
181,Hyundai Verna,Hyundai,2010,"50,242 km",Petrol,Manual,"EMI ₹5,298/m*",₹0.87 lakh
182,Maruti Baleno,Maruti,2015,"78,112 km",Petrol,Manual,"EMI ₹11,218/m*",₹4.26 lakh
183,Maruti Swift Dzire,Maruti,2013,"1,78,420 km",Petrol,Manual,"EMI ₹12,992/m*",₹2.76 lakh
184,Mahindra Bolero,Mahindra,2020,"1,17,933 km",Diesel,Manual,"EMI ₹17,128/m*",₹7.70 lakh
185,Tata PUNCH,Tata,2022,"63,153 km",Petrol,Manual,"EMI ₹8,879/m*",₹5.03 lakh
186,Hyundai Grand i10,Hyundai,2015,"86,000 km",Petrol,Manual,"EMI ₹6,610/m*",₹2.51 lakh
187,Jeep Compass,Jeep,2018,"57,374 km",Diesel,Manual,"EMI ₹15,425/m*",₹7.89 lakh
188,Honda Amaze,Honda,2015,"68,011 km",Petrol,Manual,"EMI ₹8,585/m*",₹3.26 lakh
189,Datsun Redi Go,Datsun,2017,"35,579 km",Petrol,Manual,"EMI ₹3,108/m*",₹1.59 lakh
190,Maruti Swift,Maruti,2016,"1,19,841 km",Petrol,Manual,"EMI ₹6,748/m*",₹3.03 lakh
191,Maruti Wagon R 1.0,Maruti,2013,"77,241 km",Petrol,Manual,"EMI ₹9,415/m*",₹2.00 lakh
192,Renault Kwid,Renault,2020,"1,12,390 km",Petrol,Manual,"EMI ₹5,672/m*",₹2.55 lakh
193,Hyundai Eon,Hyundai,2015,"73,606 km",Petrol,Manual,"EMI ₹3,186/m*",₹1.21 lakh
194,Datsun Redi Go,Datsun,2017,"1,21,162 km",Petrol,Manual,"EMI ₹3,003/m*",₹1.35 lakh
195,Honda Amaze,Honda,2015,"1,06,049 km",Diesel,Manual,"EMI ₹7,274/m*",₹2.19 lakh
196,Renault Kwid,Renault,2017,"75,304 km",Petrol,Manual,"EMI ₹4,477/m*",₹2.29 lakh
197,Renault Kwid,Renault,2021,"43,767 km",Petrol,Manual,"EMI ₹4,943/m*",₹2.80 lakh
198,Maruti Wagon R 1.0,Maruti,2015,"81,211 km",Petrol,Manual,"EMI ₹4,714/m*",₹1.79 lakh
199,Hyundai i10,Hyundai,2012,"56,959 km",Petrol,Manual,"EMI ₹13,594/m*",₹1.53 lakh
200,Hyundai i10,Hyundai,2013,"60,077 km",Petrol,Manual,"EMI ₹6,826/m*",₹1.45 lakh
201,Maruti FRONX,Maruti,2025,"4,252 km",Petrol,Manual,"EMI ₹12,392/m*",₹7.02 lakh
202,Hyundai i20,Hyundai,2013,"1,07,390 km",Diesel,Manual,"EMI ₹13,505/m*",₹1.52 lakh
203,Nissan Sunny,Nissan,2013,"1,03,622 km",Diesel,Manual,"EMI ₹13,061/m*",₹1.47 lakh
204,Tata NEXON,Tata,2019,"1,91,441 km",Diesel,Manual,"EMI ₹7,763/m*",₹3.49 lakh
205,Volkswagen Polo,Volkswagen,2020,"57,510 km",Petrol,Manual,"EMI ₹6,620/m*",₹3.75 lakh
206,Volkswagen Vento,Volkswagen,2011,"75,384 km",Petrol,Manual,"EMI ₹6,620/m*",₹1.55 lakh
207,Renault TRIBER,Renault,2022,"46,966 km",Petrol,Manual,"EMI ₹8,491/m*",₹4.81 lakh
208,Maruti Baleno,Maruti,2017,"1,09,810 km",Petrol,Manual,"EMI ₹8,008/m*",₹3.60 lakh
209,Renault Duster,Renault,2017,"1,54,288 km",Diesel,Manual,"EMI ₹7,897/m*",₹3.55 lakh
210,Honda City,Honda,2011,"1,31,704 km",Petrol,Manual,"EMI ₹7,897/m*",₹2.05 lakh
211,Maruti Swift,Maruti,2015,"1,05,961 km",Diesel,Manual,"EMI ₹11,393/m*",₹3.43 lakh
212,Datsun Redi Go,Datsun,2017,"83,475 km",Petrol,Manual,"EMI ₹2,542/m*",₹1.30 lakh
213,Audi A4,Audi,2011,"1,09,666 km",Diesel,Auto,"EMI ₹2,542/m*",₹5.42 lakh
214,Honda Jazz,Honda,2012,"94,237 km",Petrol,Manual,"EMI ₹14,571/m*",₹1.64 lakh
215,Hyundai Eon,Hyundai,2015,"83,789 km",Petrol,Manual,"EMI ₹3,529/m*",₹1.34 lakh
216,Maruti Swift,Maruti,2014,"1,32,311 km",Petrol,Manual,"EMI ₹7,639/m*",₹2.30 lakh
217,Toyota Etios,Toyota,2011,"1,42,551 km",Petrol,Manual,"EMI ₹7,639/m*",₹2.11 lakh
218,Honda Brio,Honda,2013,"92,620 km",Petrol,Manual,"EMI ₹7,673/m*",₹1.63 lakh
219,Volkswagen Polo,Volkswagen,2011,"1,56,471 km",Petrol,Manual,"EMI ₹7,673/m*",₹1.22 lakh
220,Hyundai Verna,Hyundai,2013,"1,44,379 km",Diesel,Manual,"EMI ₹24,256/m*",₹2.73 lakh
221,Nissan Terrano,Nissan,2016,"1,54,769 km",Diesel,Manual,"EMI ₹5,267/m*",₹2.00 lakh
222,Maruti Dzire,Maruti,2017,"1,38,103 km",Diesel,Auto,"EMI ₹10,255/m*",₹4.61 lakh
223,Renault Duster,Renault,2013,"2,15,965 km",Diesel,Manual,"EMI ₹18,836/m*",₹2.12 lakh
224,Hyundai Xcent,Hyundai,2015,"1,74,677 km",Diesel,Manual,"EMI ₹5,979/m*",₹1.80 lakh
225,Renault TRIBER,Renault,2020,"29,268 km",Petrol,Auto,"EMI ₹9,709/m*",₹5.50 lakh
226,Ford Figo,Ford,2012,"1,41,805 km",Diesel,Manual,"EMI ₹9,709/m*",₹0.74 lakh
227,Tata Bolt,Tata,2015,"1,58,354 km",Petrol,Manual,"EMI ₹3,608/m*",₹1.37 lakh
228,Maruti Wagon R 1.0,Maruti,2014,"1,49,932 km",Petrol,Manual,"EMI ₹5,813/m*",₹1.75 lakh
229,Tata NEXON,Tata,2018,"2,52,939 km",Diesel,Manual,"EMI ₹12,234/m*",₹5.50 lakh
230,Mahindra Scorpio,Mahindra,2017,"21,133 km",Diesel,Manual,"EMI ₹18,612/m*",₹8.56 lakh
231,Ford Figo,Ford,2011,"1,11,862 km",Diesel,Manual,"EMI ₹18,612/m*",₹0.85 lakh
232,Ford Ecosport,Ford,2014,"1,30,259 km",Diesel,Manual,"EMI ₹11,203/m*",₹2.38 lakh
233,Maruti Ciaz,Maruti,2017,"73,500 km",Petrol,Manual,"EMI ₹10,225/m*",₹5.23 lakh
234,Hyundai Santro Xing,Hyundai,2012,"53,168 km",Petrol,Manual,"EMI ₹10,573/m*",₹1.19 lakh
235,Maruti Alto K10,Maruti,2011,"70,366 km",Petrol,Manual,"EMI ₹10,573/m*",₹1.55 lakh
236,Hyundai i10,Hyundai,2013,"1,16,355 km",Petrol,Manual,"EMI ₹7,061/m*",₹1.50 lakh
237,Mahindra XUV500,Mahindra,2014,"1,68,453 km",Diesel,Manual,"EMI ₹16,805/m*",₹3.57 lakh
238,Hyundai Creta,Hyundai,2021,"58,421 km",Petrol,Manual,"EMI ₹14,965/m*",₹8.74 lakh
239,Maruti Swift,Maruti,2024,"4,119 km",Petrol,Manual,"EMI ₹13,081/m*",₹7.41 lakh
240,Maruti Ertiga,Maruti,2018,"75,797 km",Diesel,Manual,"EMI ₹10,283/m*",₹5.26 lakh
241,Maruti Baleno,Maruti,2021,"53,023 km",Petrol,Manual,"EMI ₹8,897/m*",₹5.04 lakh
242,Hyundai Verna,Hyundai,2017,"1,10,754 km",Diesel,Manual,"EMI ₹12,613/m*",₹5.67 lakh
243,Maruti Baleno,Maruti,2016,"42,389 km",Petrol,Auto,"EMI ₹9,632/m*",₹4.33 lakh
244,Skoda Fabia,Skoda,2011,"53,982 km",Petrol,Manual,"EMI ₹9,632/m*",₹1.19 lakh
245,Ford Ecosport,Ford,2015,"1,71,693 km",Diesel,Manual,"EMI ₹8,005/m*",₹2.41 lakh
246,Maruti S Cross,Maruti,2016,"71,527 km",Diesel,Manual,"EMI ₹9,217/m*",₹3.50 lakh
247,Maruti Wagon R Duo,Maruti,2010,"1,23,870 km",Petrol,Manual,"EMI ₹9,217/m*",₹0.61 lakh
248,Tata NEXON,Tata,2019,"32,500 km",Petrol,Manual,"EMI ₹10,592/m*",₹6.00 lakh
249,Skoda Rapid,Skoda,2012,"93,028 km",Petrol,Manual,"EMI ₹14,394/m*",₹1.62 lakh
250,Maruti Alto 800,Maruti,2017,"55,364 km",Petrol,Manual,"EMI ₹4,653/m*",₹2.38 lakh
251,Tata NEXON,Tata,2021,"38,153 km",Petrol,Manual,"EMI ₹10,751/m*",₹6.09 lakh
252,Maruti Vitara Brezza,Maruti,2017,"1,22,129 km",Diesel,Manual,"EMI ₹9,209/m*",₹4.14 lakh
253,Maruti Dzire,Maruti,2020,"53,504 km",Petrol,Manual,"EMI ₹8,809/m*",₹4.99 lakh
254,Hyundai i10,Hyundai,2011,"59,748 km",Petrol,Manual,"EMI ₹8,809/m*",₹1.65 lakh
255,Hyundai Grand i10,Hyundai,2013,"1,15,347 km",Petrol,Manual,"EMI ₹10,356/m*",₹2.20 lakh
256,Ford New Figo,Ford,2019,"68,920 km",Petrol,Manual,"EMI ₹6,020/m*",₹3.41 lakh
257,Honda City,Honda,2015,"1,31,443 km",Diesel,Manual,"EMI ₹9,333/m*",₹2.81 lakh
258,Hyundai Verna,Hyundai,2012,"1,05,308 km",Diesel,Manual,"EMI ₹9,333/m*",₹2.44 lakh
259,Hyundai Eon,Hyundai,2017,"1,19,940 km",Petrol,Manual,"EMI ₹4,649/m*",₹2.09 lakh
260,Hyundai i10,Hyundai,2011,"98,084 km",Petrol,Manual,"EMI ₹4,649/m*",₹1.20 lakh
261,Hyundai Eon,Hyundai,2017,"73,961 km",Petrol,Manual,"EMI ₹4,301/m*",₹2.20 lakh
262,Hyundai Grand i10,Hyundai,2016,"78,119 km",Petrol,Manual,"EMI ₹7,185/m*",₹3.23 lakh
263,Volkswagen Polo,Volkswagen,2011,"1,56,961 km",Diesel,Manual,"EMI ₹7,185/m*",₹1.38 lakh
264,Maruti Celerio,Maruti,2021,"41,744 km",Petrol,Auto,"EMI ₹6,743/m*",₹3.82 lakh
265,Maruti Swift,Maruti,2015,"1,09,761 km",Petrol,Manual,"EMI ₹10,929/m*",₹4.15 lakh
266,Tata NEXON,Tata,2017,"1,53,422 km",Diesel,Manual,"EMI ₹9,921/m*",₹4.46 lakh
267,Mahindra Verito,Mahindra,2014,"1,67,700 km",Diesel,Manual,"EMI ₹4,943/m*",₹1.05 lakh
268,Hyundai Grand i10,Hyundai,2015,"78,537 km",Petrol,Manual,"EMI ₹7,979/m*",₹3.03 lakh
269,Mahindra XUV500,Mahindra,2016,"1,44,986 km",Diesel,Auto,"EMI ₹14,721/m*",₹5.59 lakh
270,Maruti Alto 800,Maruti,2015,"37,909 km",Petrol,Manual,"EMI ₹6,083/m*",₹2.31 lakh
271,Mahindra KUV 100 NXT,Mahindra,2017,"36,097 km",Petrol,Manual,"EMI ₹6,051/m*",₹3.10 lakh
272,Renault Duster,Renault,2015,"1,06,697 km",Diesel,Manual,"EMI ₹8,005/m*",₹2.41 lakh
273,Mahindra Scorpio,Mahindra,2010,"2,05,000 km",Diesel,Manual,"EMI ₹8,005/m*",₹1.82 lakh
274,Ford Ecosport,Ford,2018,"49,454 km",Petrol,Manual,"EMI ₹7,379/m*",₹4.18 lakh
275,Hyundai Grand i10,Hyundai,2017,"87,954 km",Petrol,Manual,"EMI ₹6,021/m*",₹3.08 lakh
276,Maruti Swift,Maruti,2015,"98,426 km",Petrol,Manual,"EMI ₹8,558/m*",₹3.25 lakh
277,Tata NEXON,Tata,2022,"22,590 km",Petrol,Auto,"EMI ₹13,451/m*",₹7.62 lakh
278,Chevrolet Cruze,Chevrolet,2012,"85,458 km",Diesel,Auto,"EMI ₹13,451/m*",₹2.00 lakh
279,Tata NEXON,Tata,2024,"32,402 km",Petrol,Auto,"EMI ₹14,034/m*",₹7.95 lakh
280,Maruti Ertiga,Maruti,2013,"1,17,952 km",Diesel,Manual,"EMI ₹25,233/m*",₹2.84 lakh
281,Hyundai VENUE,Hyundai,2021,"44,111 km",Petrol,Manual,"EMI ₹11,121/m*",₹6.30 lakh
282,Hyundai Xcent,Hyundai,2014,"89,471 km",Petrol,Manual,"EMI ₹9,998/m*",₹3.01 lakh
283,Maruti Eeco,Maruti,2022,"67,537 km",Petrol,Manual,"EMI ₹7,928/m*",₹4.49 lakh
284,Maruti Vitara Brezza,Maruti,2017,"1,54,571 km",Diesel,Manual,"EMI ₹9,899/m*",₹4.45 lakh
285,Chevrolet Tavera,Chevrolet,2013,"2,01,235 km",Diesel,Manual,"EMI ₹11,106/m*",₹1.25 lakh
286,Nissan Sunny,Nissan,2012,"3,07,369 km",Diesel,Manual,"EMI ₹11,106/m*",₹1.32 lakh
287,Tata ALTROZ,Tata,2021,"42,446 km",Petrol,Manual,"EMI ₹8,844/m*",₹5.01 lakh
288,Honda City,Honda,2019,"77,635 km",Petrol,Manual,"EMI ₹12,639/m*",₹7.16 lakh
289,Maruti Dzire,Maruti,2018,"49,341 km",Petrol,Manual,"EMI ₹8,756/m*",₹4.96 lakh
290,Maruti Ertiga,Maruti,2013,"99,718 km",Petrol,Manual,"EMI ₹16,805/m*",₹3.57 lakh
291,Honda Amaze,Honda,2019,"59,568 km",Petrol,Manual,"EMI ₹7,061/m*",₹4.00 lakh
292,Hyundai Grand i10,Hyundai,2013,"55,777 km",Petrol,Manual,"EMI ₹12,286/m*",₹2.61 lakh
293,Ford Figo Aspire,Ford,2016,"39,605 km",Petrol,Manual,"EMI ₹6,718/m*",₹3.02 lakh
294,Hyundai Verna,Hyundai,2017,"1,07,405 km",Petrol,Auto,"EMI ₹14,236/m*",₹6.40 lakh
295,Maruti S Cross,Maruti,2016,"1,04,000 km",Diesel,Manual,"EMI ₹7,847/m*",₹2.98 lakh
296,Skoda Rapid,Skoda,2017,"2,18,146 km",Diesel,Manual,"EMI ₹10,166/m*",₹4.57 lakh
297,Honda Brio,Honda,2013,"1,52,602 km",Petrol,Manual,"EMI ₹7,908/m*",₹1.68 lakh
298,Honda City,Honda,2014,"94,635 km",Diesel,Manual,"EMI ₹12,992/m*",₹2.76 lakh
299,Hyundai Creta,Hyundai,2017,"1,03,700 km",Petrol,Manual,"EMI ₹12,056/m*",₹5.42 lakh
300,Chevrolet Sail,Chevrolet,2014,"1,05,971 km",Diesel,Manual,"EMI ₹5,602/m*",₹1.19 lakh
301,Volkswagen Vento,Volkswagen,2015,"1,56,170 km",Diesel,Manual,"EMI ₹12,223/m*",₹3.68 lakh
302,Hyundai Grand i10,Hyundai,2015,"1,98,505 km",Diesel,Manual,"EMI ₹7,872/m*",₹2.37 lakh
303,Maruti Ciaz,Maruti,2017,"35,661 km",Petrol,Manual,"EMI ₹8,602/m*",₹4.40 lakh
304,Mahindra XUV500,Mahindra,2017,"80,139 km",Diesel,Manual,"EMI ₹12,657/m*",₹5.69 lakh
305,Maruti Wagon R 1.0,Maruti,2016,"17,209 km",Petrol,Auto,"EMI ₹6,673/m*",₹3.00 lakh
306,Tata TIGOR,Tata,2019,"1,25,000 km",Petrol,Manual,"EMI ₹6,829/m*",₹3.07 lakh
307,Hyundai Xcent,Hyundai,2015,"87,387 km",Petrol,Manual,"EMI ₹6,504/m*",₹2.47 lakh
308,Mahindra XUV500,Mahindra,2016,"2,60,890 km",Diesel,Manual,"EMI ₹14,115/m*",₹5.36 lakh
309,Volkswagen Cross Polo,Volkswagen,2016,"1,03,968 km",Petrol,Manual,"EMI ₹5,806/m*",₹2.61 lakh
310,Maruti Baleno,Maruti,2020,"1,06,086 km",Petrol,Manual,"EMI ₹11,923/m*",₹5.36 lakh
311,Maruti Swift Dzire,Maruti,2014,"1,50,981 km",Diesel,Manual,"EMI ₹16,946/m*",₹3.60 lakh
312,Hyundai NEW I20,Hyundai,2024,"43,090 km",Petrol,Manual,"EMI ₹12,516/m*",₹7.09 lakh
313,Ford Ecosport,Ford,2014,"71,643 km",Petrol,Manual,"EMI ₹10,861/m*",₹3.27 lakh
314,Toyota Etios Liva,Toyota,2016,"81,418 km",Petrol,Manual,"EMI ₹6,651/m*",₹2.99 lakh
315,KIA SELTOS,KIA,2021,"82,134 km",Petrol,Manual,"EMI ₹12,357/m*",₹7.00 lakh
316,Hyundai Xcent,Hyundai,2015,"72,399 km",Petrol,Manual,"EMI ₹8,558/m*",₹3.25 lakh
317,Maruti Wagon R 1.0,Maruti,2017,"27,795 km",Petrol,Auto,"EMI ₹6,471/m*",₹3.31 lakh
318,Hyundai Xcent,Hyundai,2014,"1,17,357 km",Petrol,Manual,"EMI ₹9,898/m*",₹2.98 lakh
319,Mahindra XUV500,Mahindra,2016,"94,972 km",Diesel,Manual,"EMI ₹13,062/m*",₹4.96 lakh
320,Maruti Baleno,Maruti,2017,"1,14,346 km",Petrol,Auto,"EMI ₹7,897/m*",₹3.55 lakh
321,Hyundai i10,Hyundai,2011,"1,52,060 km",Petrol,Manual,"EMI ₹7,897/m*",₹1.22 lakh
322,KIA SONET,KIA,2022,"66,033 km",Petrol,Manual,"EMI ₹10,856/m*",₹6.15 lakh
323,Hyundai Elite i20,Hyundai,2017,"1,40,254 km",Petrol,Manual,"EMI ₹8,475/m*",₹3.81 lakh
324,Maruti Celerio,Maruti,2019,"65,653 km",Petrol,Auto,"EMI ₹6,743/m*",₹3.82 lakh
325,Hyundai GRAND I10 NIOS,Hyundai,2020,"38,904 km",Petrol,Manual,"EMI ₹7,308/m*",₹4.14 lakh
326,Honda Amaze,Honda,2019,"1,04,473 km",Diesel,Manual,"EMI ₹10,766/m*",₹4.84 lakh
327,Mahindra XUV500,Mahindra,2015,"2,17,942 km",Diesel,Manual,"EMI ₹16,541/m*",₹4.98 lakh
328,Hyundai Grand i10,Hyundai,2015,"76,239 km",Petrol,Manual,"EMI ₹7,610/m*",₹2.89 lakh
329,Maruti Ertiga,Maruti,2012,"1,89,880 km",Diesel,Manual,"EMI ₹7,610/m*",₹2.46 lakh
330,KIA SELTOS,KIA,2019,"15,195 km",Diesel,Manual,"EMI ₹15,564/m*",₹9.09 lakh
331,Maruti Ciaz,Maruti,2016,"2,09,994 km",Diesel,Manual,"EMI ₹11,008/m*",₹4.18 lakh
332,KIA SELTOS,KIA,2019,"62,271 km",Petrol,Manual,"EMI ₹13,240/m*",₹7.50 lakh
333,Honda City,Honda,2017,"54,901 km",Petrol,Manual,"EMI ₹8,856/m*",₹4.53 lakh
334,Hyundai NEW SANTRO,Hyundai,2018,"48,230 km",Petrol,Manual,"EMI ₹5,296/m*",₹3.00 lakh
335,Hyundai i10,Hyundai,2011,"64,710 km",Petrol,Manual,"EMI ₹5,296/m*",₹1.33 lakh
336,Honda City,Honda,2019,"34,059 km",Petrol,Auto,"EMI ₹12,622/m*",₹7.15 lakh
337,Tata Harrier,Tata,2019,"78,846 km",Diesel,Manual,"EMI ₹14,554/m*",₹8.50 lakh
338,Maruti XL6,Maruti,2022,"46,707 km",Petrol,Manual,"EMI ₹18,064/m*",₹10.55 lakh
339,Maruti Alto 800,Maruti,2016,"68,458 km",Petrol,Manual,"EMI ₹4,916/m*",₹2.21 lakh
340,Maruti Celerio,Maruti,2016,"54,233 km",Petrol,Manual,"EMI ₹6,740/m*",₹3.03 lakh
341,Toyota Etios,Toyota,2011,"1,20,392 km",Petrol,Manual,"EMI ₹6,740/m*",₹1.23 lakh
342,Maruti Ciaz,Maruti,2016,"81,544 km",Diesel,Manual,"EMI ₹10,191/m*",₹3.87 lakh
343,KIA SELTOS,KIA,2024,"7,100 km",Petrol,Manual,"EMI ₹19,434/m*",₹11.35 lakh
344,Hyundai Grand i10,Hyundai,2016,"34,023 km",Petrol,Manual,"EMI ₹7,719/m*",₹3.47 lakh
345,Maruti Ciaz,Maruti,2018,"1,42,718 km",Petrol,Manual,"EMI ₹9,676/m*",₹4.35 lakh
346,Hyundai VENUE,Hyundai,2023,"37,825 km",Petrol,Manual,"EMI ₹13,240/m*",₹7.50 lakh
347,Hyundai GRAND I10 NIOS,Hyundai,2023,"37,097 km",Petrol,Manual,"EMI ₹9,268/m*",₹5.25 lakh
348,Hyundai i20,Hyundai,2011,"87,677 km",Petrol,Manual,"EMI ₹9,268/m*",₹1.65 lakh
349,Hyundai Creta,Hyundai,2016,"2,13,916 km",Diesel,Manual,"EMI ₹15,221/m*",₹5.78 lakh
350,Hyundai Creta,Hyundai,2017,"60,423 km",Petrol,Auto,"EMI ₹13,216/m*",₹6.76 lakh
351,Ford Ecosport,Ford,2015,"2,06,437 km",Diesel,Manual,"EMI ₹10,463/m*",₹3.15 lakh
352,Tata ALTROZ,Tata,2021,"52,730 km",Petrol,Manual,"EMI ₹7,644/m*",₹4.33 lakh
353,Audi Q3,Audi,2012,"1,30,221 km",Diesel,Auto,"EMI ₹7,644/m*",₹5.35 lakh
354,Mahindra XUV500,Mahindra,2016,"2,00,368 km",Diesel,Manual,"EMI ₹15,800/m*",₹6.00 lakh
355,MG ASTOR,MG,2023,"30,519 km",Petrol,Manual,"EMI ₹15,342/m*",₹8.96 lakh
356,Honda City,Honda,2014,"1,24,684 km",Diesel,Manual,"EMI ₹15,111/m*",₹3.21 lakh
357,Maruti Baleno,Maruti,2018,"70,257 km",Petrol,Manual,"EMI ₹7,326/m*",₹4.15 lakh
358,Honda Amaze,Honda,2020,"64,315 km",Petrol,Manual,"EMI ₹7,979/m*",₹4.52 lakh
359,Maruti Ciaz,Maruti,2018,"1,21,892 km",Petrol,Manual,"EMI ₹8,675/m*",₹3.90 lakh
360,Maruti Wagon R 1.0,Maruti,2015,"93,946 km",Petrol,Manual,"EMI ₹6,847/m*",₹2.60 lakh
361,Hyundai EXTER,Hyundai,2023,"20,437 km",Petrol,Manual,"EMI ₹12,480/m*",₹7.07 lakh
362,Tata Tiago,Tata,2020,"50,841 km",Petrol,Manual,"EMI ₹7,379/m*",₹4.18 lakh
363,Honda WR-V,Honda,2017,"1,21,843 km",Diesel,Manual,"EMI ₹10,499/m*",₹4.72 lakh
364,Maruti Swift Dzire,Maruti,2014,"74,943 km",Diesel,Manual,"EMI ₹17,088/m*",₹3.63 lakh
365,Tata ALTROZ,Tata,2022,"23,681 km",Petrol,Manual,"EMI ₹9,162/m*",₹5.19 lakh
366,Maruti S Cross,Maruti,2018,"1,29,489 km",Diesel,Manual,"EMI ₹11,322/m*",₹5.09 lakh
367,Skoda Rapid,Skoda,2019,"1,28,442 km",Diesel,Manual,"EMI ₹12,435/m*",₹5.59 lakh
368,MG HECTOR,MG,2019,"84,873 km",Diesel,Manual,"EMI ₹14,263/m*",₹8.33 lakh
369,Maruti Dzire,Maruti,2018,"1,76,403 km",Petrol,Manual,"EMI ₹9,521/m*",₹4.28 lakh
370,Ford Ecosport,Ford,2015,"21,347 km",Petrol,Manual,"EMI ₹8,690/m*",₹3.30 lakh
371,Hyundai Xcent,Hyundai,2016,"1,33,847 km",Petrol,Manual,"EMI ₹6,896/m*",₹3.10 lakh
372,Tata TIGOR,Tata,2022,"1,05,000 km",Petrol,Manual,"EMI ₹12,651/m*",₹5.69 lakh
373,Hyundai NEW I20,Hyundai,2022,"89,200 km",Petrol,Manual,"EMI ₹9,744/m*",₹5.52 lakh
374,Nissan MAGNITE,Nissan,2021,"19,267 km",Petrol,Manual,"EMI ₹8,826/m*",₹5.00 lakh
375,Maruti Swift,Maruti,2015,"1,04,668 km",Petrol,Manual,"EMI ₹8,321/m*",₹3.16 lakh
376,Maruti Swift Dzire,Maruti,2014,"2,98,384 km",Diesel,Manual,"EMI ₹15,440/m*",₹3.28 lakh
377,Maruti Wagon R 1.0,Maruti,2018,"55,678 km",Petrol,Manual,"EMI ₹5,702/m*",₹3.23 lakh
378,Maruti Celerio,Maruti,2019,"44,080 km",Petrol,Manual,"EMI ₹6,655/m*",₹3.77 lakh
379,Honda City,Honda,2014,"92,319 km",Petrol,Auto,"EMI ₹13,518/m*",₹4.07 lakh
380,Maruti FRONX,Maruti,2024,"13,426 km",Petrol,Auto,"EMI ₹14,160/m*",₹8.27 lakh
381,Toyota YARIS,Toyota,2020,"62,121 km",Petrol,Auto,"EMI ₹11,510/m*",₹6.52 lakh
382,Maruti Ertiga,Maruti,2016,"84,751 km",Diesel,Manual,"EMI ₹17,775/m*",₹6.75 lakh
383,Renault Kwid,Renault,2024,"55,992 km",Petrol,Auto,"EMI ₹7,449/m*",₹4.22 lakh
384,Volkswagen Ameo,Volkswagen,2019,"11,457 km",Petrol,Manual,"EMI ₹7,891/m*",₹4.47 lakh
385,Hyundai VENUE,Hyundai,2022,"1,05,062 km",Petrol,Manual,"EMI ₹14,904/m*",₹6.70 lakh
386,Volkswagen Ameo,Volkswagen,2018,"1,00,403 km",Petrol,Manual,"EMI ₹7,519/m*",₹3.38 lakh
387,Maruti Ciaz,Maruti,2015,"1,04,264 km",Diesel,Manual,"EMI ₹13,651/m*",₹4.11 lakh
388,Hyundai GRAND I10 NIOS,Hyundai,2021,"17,403 km",Petrol,Manual,"EMI ₹8,085/m*",₹4.58 lakh
389,Volkswagen Ameo,Volkswagen,2017,"44,448 km",Petrol,Manual,"EMI ₹7,742/m*",₹3.96 lakh
390,Skoda Rapid,Skoda,2018,"1,89,968 km",Diesel,Auto,"EMI ₹10,010/m*",₹4.50 lakh
391,Hyundai GRAND I10 NIOS,Hyundai,2020,"33,473 km",Petrol,Manual,"EMI ₹7,573/m*",₹4.29 lakh
392,Tata Harrier,Tata,2019,"15,436 km",Diesel,Manual,"EMI ₹15,410/m*",₹9.00 lakh
393,Maruti XL6,Maruti,2023,"17,206 km",Petrol,Manual,"EMI ₹15,753/m*",₹9.20 lakh
394,Maruti Swift,Maruti,2019,"37,145 km",Petrol,Auto,"EMI ₹9,250/m*",₹5.24 lakh
395,Skoda SLAVIA,Skoda,2022,"37,329 km",Petrol,Auto,"EMI ₹18,644/m*",₹10.89 lakh
396,Hyundai Creta,Hyundai,2015,"1,09,900 km",Petrol,Manual,"EMI ₹15,563/m*",₹5.91 lakh
397,Hyundai GRAND I10 NIOS,Hyundai,2024,"27,341 km",Petrol,Manual,"EMI ₹10,592/m*",₹6.00 lakh
398,Renault Duster,Renault,2017,"1,01,087 km",Diesel,Manual,"EMI ₹9,966/m*",₹4.48 lakh
399,Hyundai Elite i20,Hyundai,2018,"33,896 km",Petrol,Manual,"EMI ₹9,109/m*",₹5.16 lakh
400,Honda City,Honda,2021,"13,676 km",Petrol,Manual,"EMI ₹12,639/m*",₹7.16 lakh
401,Tata NEXON,Tata,2023,"9,360 km",Petrol,Manual,"EMI ₹19,400/m*",₹11.33 lakh
402,Hyundai Creta,Hyundai,2019,"95,691 km",Diesel,Manual,"EMI ₹13,715/m*",₹8.01 lakh
403,Maruti Baleno,Maruti,2021,"75,331 km",Petrol,Manual,"EMI ₹8,438/m*",₹4.78 lakh
404,Skoda Rapid,Skoda,2019,"1,49,813 km",Diesel,Auto,"EMI ₹15,037/m*",₹6.76 lakh
405,Maruti Baleno,Maruti,2018,"1,01,926 km",Petrol,Manual,"EMI ₹9,120/m*",₹4.10 lakh
406,Maruti XL6,Maruti,2021,"96,284 km",Petrol,Manual,"EMI ₹12,834/m*",₹7.27 lakh
407,Renault TRIBER,Renault,2025,"2,853 km",Petrol,Manual,"EMI ₹13,801/m*",₹8.06 lakh
408,Ssangyong Rexton,Ssangyong,2015,"1,60,226 km",Diesel,Auto,"EMI ₹13,850/m*",₹4.17 lakh
409,Hyundai Elite i20,Hyundai,2020,"94,500 km",Petrol,Manual,"EMI ₹8,826/m*",₹5.00 lakh
410,Hyundai Creta,Hyundai,2021,"1,03,430 km",Petrol,Manual,"EMI ₹17,698/m*",₹8.14 lakh
411,Volkswagen Ameo,Volkswagen,2016,"97,979 km",Petrol,Manual,"EMI ₹7,096/m*",₹3.19 lakh
412,KIA SONET,KIA,2020,"54,355 km",Petrol,Manual,"EMI ₹11,474/m*",₹6.50 lakh
413,Tata NEXON,Tata,2020,"77,433 km",Petrol,Manual,"EMI ₹9,921/m*",₹5.62 lakh
414,Hyundai Creta,Hyundai,2016,"65,384 km",Petrol,Manual,"EMI ₹13,814/m*",₹6.21 lakh
415,Renault Kiger,Renault,2023,"23,770 km",Petrol,Manual,"EMI ₹10,239/m*",₹5.80 lakh
416,Volkswagen Ameo,Volkswagen,2018,"88,207 km",Petrol,Manual,"EMI ₹6,373/m*",₹3.61 lakh
417,Honda City,Honda,2013,"1,05,465 km",Petrol,Manual,"EMI ₹13,934/m*",₹2.96 lakh
418,Ford Ecosport,Ford,2017,"54,547 km",Petrol,Manual,"EMI ₹7,488/m*",₹3.83 lakh
419,Honda City,Honda,2016,"1,54,551 km",Diesel,Manual,"EMI ₹11,640/m*",₹4.42 lakh
420,Honda Amaze,Honda,2023,"16,148 km",Petrol,Auto,"EMI ₹13,769/m*",₹7.80 lakh
421,Tata NEXON,Tata,2021,"75,781 km",Petrol,Auto,"EMI ₹13,240/m*",₹7.50 lakh
422,Hyundai Creta,Hyundai,2015,"1,43,041 km",Diesel,Auto,"EMI ₹17,836/m*",₹5.37 lakh
423,Hyundai NEW I20,Hyundai,2023,"71,643 km",Petrol,Manual,"EMI ₹12,904/m*",₹7.31 lakh
424,Renault Kiger,Renault,2023,"32,851 km",Petrol,Auto,"EMI ₹12,357/m*",₹7.00 lakh
425,Hyundai VENUE,Hyundai,2023,"31,172 km",Diesel,Manual,"EMI ₹19,794/m*",₹11.56 lakh
426,Maruti Ertiga,Maruti,2016,"1,23,655 km",Diesel,Manual,"EMI ₹16,722/m*",₹6.35 lakh
427,Tata TIAGO EV,Tata,2025,"10,753 km",Electric,Auto,"EMI ₹11,792/m*",₹6.68 lakh
428,MG HECTOR,MG,2019,"1,01,289 km",Diesel,Manual,"EMI ₹20,721/m*",₹9.53 lakh
429,Mahindra XUV300,Mahindra,2019,"84,673 km",Diesel,Manual,"EMI ₹11,492/m*",₹6.51 lakh
430,KIA SONET,KIA,2024,"8,502 km",Petrol,Manual,"EMI ₹15,410/m*",₹9.00 lakh
431,Skoda Fabia,Skoda,2011,"63,570 km",Petrol,Manual,"EMI ₹15,410/m*",₹3.50 lakh
432,Mahindra XUV300,Mahindra,2019,"84,295 km",Diesel,Manual,"EMI ₹12,357/m*",₹7.00 lakh
433,Honda City,Honda,2015,"36,860 km",Petrol,Auto,"EMI ₹11,956/m*",₹4.54 lakh
434,Maruti Alto,Maruti,2020,"52,896 km",Petrol,Manual,"EMI ₹5,349/m*",₹3.03 lakh
435,Toyota Fortuner,Toyota,2013,"2,14,793 km",Diesel,Auto,"EMI ₹72,031/m*",₹8.15 lakh
436,Maruti BREZZA,Maruti,2025,"16,460 km",Petrol,Auto,"EMI ₹15,410/m*",₹9.00 lakh
437,Tata NEXON,Tata,2021,"74,610 km",Petrol,Manual,"EMI ₹11,474/m*",₹6.50 lakh
438,Hyundai Creta,Hyundai,2020,"2,05,814 km",Diesel,Manual,"EMI ₹22,460/m*",₹10.33 lakh
439,Tata ALTROZ,Tata,2024,"25,169 km",Petrol,Manual,"EMI ₹16,215/m*",₹9.47 lakh
440,Hyundai GRAND I10 NIOS,Hyundai,2021,"67,391 km",Petrol,Auto,"EMI ₹8,050/m*",₹4.56 lakh
441,Tata Hexa,Tata,2017,"87,571 km",Diesel,Manual,"EMI ₹15,504/m*",₹6.97 lakh
442,Ford Endeavour,Ford,2012,"1,12,050 km",Diesel,Manual,"EMI ₹15,504/m*",₹5.67 lakh
443,KIA SONET,KIA,2023,"45,230 km",Petrol,Manual,"EMI ₹13,698/m*",₹8.00 lakh
444,Mahindra XUV500,Mahindra,2015,"42,473 km",Diesel,Manual,"EMI ₹21,589/m*",₹6.50 lakh
445,Toyota Innova,Toyota,2014,"72,000 km",Diesel,Manual,"EMI ₹27,256/m*",₹5.79 lakh
446,Jeep Compass,Jeep,2018,"1,06,260 km",Diesel,Manual,"EMI ₹19,851/m*",₹9.13 lakh
447,Maruti Eeco,Maruti,2021,"65,133 km",Petrol,Manual,"EMI ₹8,526/m*",₹4.83 lakh
448,Maruti Dzire,Maruti,2019,"1,14,000 km",Petrol,Manual,"EMI ₹11,701/m*",₹5.26 lakh
449,Hyundai VENUE,Hyundai,2022,"1,31,318 km",Petrol,Manual,"EMI ₹14,882/m*",₹6.69 lakh
450,Mahindra XUV500,Mahindra,2014,"1,55,144 km",Diesel,Manual,"EMI ₹18,076/m*",₹3.84 lakh
451,Maruti Ertiga,Maruti,2012,"2,13,060 km",Diesel,Manual,"EMI ₹18,076/m*",₹3.49 lakh
452,Hyundai GRAND I10 NIOS,Hyundai,2024,"10,188 km",Petrol,Manual,"EMI ₹12,269/m*",₹6.95 lakh
453,Hyundai VENUE,Hyundai,2024,"34,865 km",Petrol,Manual,"EMI ₹16,609/m*",₹9.70 lakh
454,Maruti Baleno,Maruti,2015,"78,643 km",Petrol,Manual,"EMI ₹9,691/m*",₹3.68 lakh
455,Hyundai Creta,Hyundai,2019,"83,605 km",Petrol,Manual,"EMI ₹12,357/m*",₹7.00 lakh
456,KIA SONET,KIA,2022,"80,335 km",Diesel,Auto,"EMI ₹14,554/m*",₹8.50 lakh
457,Maruti XL6,Maruti,2019,"97,131 km",Petrol,Manual,"EMI ₹12,586/m*",₹7.13 lakh
458,Mahindra TUV 300 PLUS,Mahindra,2018,"77,220 km",Diesel,Manual,"EMI ₹10,518/m*",₹5.38 lakh
459,Skoda Superb,Skoda,2017,"1,91,861 km",Diesel,Auto,"EMI ₹25,004/m*",₹11.50 lakh
460,Hyundai GRAND I10 NIOS,Hyundai,2023,"77,405 km",Petrol,Manual,"EMI ₹7,944/m*",₹4.50 lakh
461,KIA SONET,KIA,2023,"95,381 km",Petrol,Manual,"EMI ₹13,698/m*",₹8.00 lakh
462,Tata Hexa,Tata,2017,"1,68,751 km",Diesel,Auto,"EMI ₹11,500/m*",₹5.17 lakh
463,KIA SONET,KIA,2021,"96,49,35,011 km",Petrol,Auto,"EMI ₹19,133/m*",₹8.80 lakh
464,Tata TIAGO EV,Tata,2024,"43,048 km",Electric,Auto,"EMI ₹13,732/m*",₹8.02 lakh
465,Maruti BREZZA,Maruti,2022,"84,951 km",Petrol,Manual,"EMI ₹15,410/m*",₹9.00 lakh
466,Toyota Glanza,Toyota,2023,"24,173 km",Petrol,Manual,"EMI ₹13,698/m*",₹8.00 lakh
467,MG HECTOR,MG,2019,"1,13,483 km",Petrol,Auto,"EMI ₹20,438/m*",₹9.40 lakh
468,Tata PUNCH EV,Tata,2025,"6,833 km",Electric,Auto,"EMI ₹19,006/m*",₹11.10 lakh
469,KIA SELTOS,KIA,2019,"58,987 km",Diesel,Manual,"EMI ₹18,287/m*",₹10.68 lakh
470,CITROEN E C3,CITROEN,2023,"43,170 km",Electric,Auto,"EMI ₹15,479/m*",₹9.04 lakh
471,Tata NEXON EV,Tata,2021,"1,68,552 km",Electric,Auto,"EMI ₹24,156/m*",₹11.11 lakh
472,Mahindra XUV300,Mahindra,2020,"99,016 km",Diesel,Manual,"EMI ₹15,838/m*",₹9.25 lakh
473,Hyundai Creta,Hyundai,2018,"1,10,789 km",Diesel,Manual,"EMI ₹19,590/m*",₹9.01 lakh
474,Hyundai Creta,Hyundai,2018,"86,452 km",Diesel,Auto,"EMI ₹15,912/m*",₹8.36 lakh
475,Tata NEXON EV,Tata,2022,"72,977 km",Electric,Auto,"EMI ₹18,835/m*",₹11.00 lakh
476,Tata NEXON EV,Tata,2023,"58,658 km",Electric,Auto,"EMI ₹20,530/m*",₹11.99 lakh
477,Tata Hexa,Tata,2019,"93,545 km",Diesel,Auto,"EMI ₹17,824/m*",₹10.41 lakh
478,Tata NEXON EV,Tata,2022,"59,462 km",Electric,Auto,"EMI ₹16,609/m*",₹9.70 lakh
479,Tata NEXON EV,Tata,2022,"78,803 km",Electric,Auto,"EMI ₹19,006/m*",₹11.10 lakh
480,Maruti Celerio,Maruti,2019,"45,608 km",Petrol,Auto,"EMI ₹6,055/m*",₹3.43 lakh
481,Hyundai Eon,Hyundai,2012,"1,13,194 km",Petrol,Manual,"EMI ₹8,263/m*",₹0.93 lakh
482,Maruti Ciaz,Maruti,2016,"2,22,813 km",Diesel,Manual,"EMI ₹10,007/m*",₹3.80 lakh
483,Hyundai i20,Hyundai,2013,"93,507 km",Diesel,Manual,"EMI ₹19,547/m*",₹2.20 lakh
484,Maruti Swift,Maruti,2014,"1,63,890 km",Petrol,Manual,"EMI ₹7,839/m*",₹2.36 lakh
485,KIA SONET,KIA,2020,"82,433 km",Diesel,Auto,"EMI ₹15,170/m*",₹8.86 lakh
486,Ford FREESTYLE,Ford,2018,"1,30,602 km",Diesel,Manual,"EMI ₹7,118/m*",₹3.20 lakh
487,Hyundai Verna,Hyundai,2021,"45,311 km",Petrol,Auto,"EMI ₹15,410/m*",₹9.00 lakh
488,Hyundai Grand i10,Hyundai,2015,"15,108 km",Petrol,Manual,"EMI ₹7,446/m*",₹2.83 lakh
489,Hyundai NEW I20,Hyundai,2021,"49,298 km",Petrol,Manual,"EMI ₹9,179/m*",₹5.20 lakh
490,Toyota Glanza,Toyota,2022,"44,836 km",Petrol,Manual,"EMI ₹10,768/m*",₹6.10 lakh
491,Hyundai GRAND I10 NIOS,Hyundai,2022,"21,269 km",Petrol,Manual,"EMI ₹8,793/m*",₹4.98 lakh
